Week,Day,Article_ID,Pillar,Sub_Pillar,Article_Title,URL_Slug,Primary_Keyword,Secondary_Keywords,Search_Intent,User_Awareness_Stage,Difficulty,Monthly_Traffic_Potential,AI_Visibility_Potential,Suggested_Angle,Word_Count,Schema_Markup,EEAT_Opportunity,Internal_Links_From_This_Article,Internal_Links_To_This_Article,Anchor_Text_Suggestions,Suggested_CTA,Monetization_Opportunity,Priority_Score,Notes
1,1,P1-HUB,P1 - Gamepad Testing & Diagnostics,HUB PAGE,Gamepad Tester Online — Test Your Controller in Your Browser,/,gamepad tester online,"controller tester, test gamepad, online controller test",Navigational,Aware,Low,50000,Very High,Main landing page + tool embed. Explain what the tester checks: buttons / sticks / triggers / vibration / deadzone. Add FAQs.,2000,SoftwareApp + FAQPage,Show real browser screenshot of tool detecting controller; add 'Last tested: [date]',P1-01 P1-02 P1-03 P1-04 P1-05 P1-06 P2-HUB P3-HUB,"All P1 cluster articles link back here","test your controller, use the gamepad tester, try the online controller test","[CTA button] Test Your Controller Now — Free",AdSense display + tool engagement,100,This is the homepage / tool page. Must have SoftwareApp schema. All roads lead here.
1,1,P1-01,P1 - Gamepad Testing & Diagnostics,How to Use the Tester,How to Use an Online Gamepad Tester — Complete Guide,/how-to-use-gamepad-tester,how to use gamepad tester online,"gamepad tester guide, test controller browser, online controller checker tutorial",How-to,Unaware,Low,12000,Very High,Step-by-step with screenshots of each stage: plug in → browser detects → test each input. Include Chrome + Firefox + Edge.,1800,HowTo + FAQPage,"Screenshot every step with real controller. Add 'Tested on [date] with [browsers]'",P1-HUB P1-02 P1-03 P1-04 P3-01 P3-09,P1-HUB,"use our online gamepad tester, test your controller here, open the controller tester","Test Your Gamepad Now →",AdSense display,95,First article to publish. Sets up all future internal links.
1,1,P1-02,P1 - Gamepad Testing & Diagnostics,Test All Buttons,How to Test All Gamepad Buttons Online — Step by Step,/test-gamepad-buttons-online,test gamepad buttons online,"check controller buttons, all gamepad buttons test, controller button checker",How-to,Aware,Low,18000,High,Cover every button type: face buttons / bumpers / triggers-as-buttons / d-pad / sticks-as-buttons / touchpad. Add expected vs actual output table.,1600,HowTo + FAQPage,Real screenshot of each button lighting up in tester,P1-HUB P1-01 P1-05 P1-06 P2-03 P2-HUB,"test your gamepad buttons, check all controller buttons","Find a broken button? See our fix guide →",AdSense display,94,High search volume. Link to troubleshooting when button fails.
1,2,P1-03,P1 - Gamepad Testing & Diagnostics,Analog Stick Test,How to Test Analog Stick Drift Online — Detect It in 60 Seconds,/test-analog-stick-drift-online,test analog stick drift online,"analog stick drift test, joystick drift checker, test controller drift",How-to,Problem Aware,Low,25000,Very High,What normal looks like vs drift. Show axis value readout. Step-by-step with PS5 / Xbox / Switch examples. Link to fix guide.,2000,HowTo + FAQPage,Video or GIF of drift visible in tester output,P1-HUB P1-01 P1-04 P2-01 P2-11 P2-12,"test your analog stick, detect stick drift online, check for controller drift","Stick drift confirmed? Here's how to fix it →",AdSense display,96,Highest-value article. Massive search volume for drift detection.
1,2,P1-04,P1 - Gamepad Testing & Diagnostics,Trigger Test,How to Test Gamepad Triggers Online — Analog + Digital,/test-gamepad-triggers-online,test gamepad triggers online,"controller trigger test, trigger pressure test, analog trigger checker",How-to,Aware,Low,8000,High,Explain analog vs digital triggers. Show pressure curve values. Cover L2/R2/LT/RT across PS/Xbox/Switch.,1500,HowTo + FAQPage,Screenshot showing trigger pressure curve in tester,P1-HUB P1-01 P1-02 P2-05 P5-03,"test your controller triggers, check trigger sensitivity","Trigger not responding? See our fix guide →",AdSense display,88,Good cluster article. Supports P2-05 troubleshooting.
1,2,P1-05,P1 - Gamepad Testing & Diagnostics,Vibration Test,How to Test Controller Vibration / Rumble Online,/test-controller-vibration-online,test controller vibration online,"controller rumble test, gamepad vibration checker, test haptic feedback",How-to,Aware,Low,6000,Medium,Cover left/right motor separately. DualSense haptics vs standard rumble. What to expect if vibration is broken.,1400,HowTo + FAQPage,Real test screenshot showing vibration motor values,P1-HUB P1-01 P2-06 P6-01 P6-HUB,"test your controller vibration, check haptic feedback","Vibration not working? Here's why →",AdSense display,82,Bridge to technology pillar (haptics explainer).
1,3,P1-06,P1 - Gamepad Testing & Diagnostics,Controller Not Detected,Gamepad Not Detected in Browser — 7 Fixes That Work,/gamepad-not-detected-browser,gamepad not detected browser,"controller not showing in browser, gamepad not recognized online, browser not detecting controller",Troubleshooting,Problem Aware,Medium,22000,Very High,Most common issue. Cover: USB not plugged in / wrong port / browser permissions / no button press yet / driver issue / Xinput vs HID. Chrome vs Firefox differences.,2200,FAQPage + HowTo,Test each fix on real hardware and document results with browser version numbers,P1-HUB P1-01 P2-HUB P2-10 P3-HUB P6-04,"fix gamepad not detected, controller not showing browser","Still not working? Check our full troubleshooting guide →",AdSense display,95,Extremely high traffic potential. Bridges P1 to P2.
1,3,P2-HUB,P2 - Troubleshooting & Repair,HUB PAGE,Controller Troubleshooting Guide — Fix Every Gamepad Problem,/controller-troubleshooting-guide,controller troubleshooting guide,"fix gamepad problems, gamepad not working, controller repair guide",Informational / Navigational,Problem Aware,Medium,30000,Very High,Hub page linking to all troubleshooting sub-topics. Intro: 'Use our tester first to diagnose.' Categorize by symptom.,2500,FAQPage + Article,Structured symptom → solution table with real test results,P1-HUB P2-01 P2-02 P2-03 P2-04 P2-05 P2-06 P2-07 P2-08 P2-09 P2-10 P2-11 P2-12 P1-06,"All P2 cluster articles link here","controller troubleshooting guide, fix gamepad problems","Diagnose your controller first — use our free tester →",AdSense display,98,Second most important hub after homepage.
1,3,P2-01,P2 - Troubleshooting & Repair,Stick Drift Fix,How to Fix Stick Drift on Any Controller — Xbox / PS5 / Switch,/how-to-fix-stick-drift,how to fix stick drift,"xbox stick drift fix, ps5 stick drift fix, controller drift repair",Troubleshooting,Problem Aware,High,80000,Very High,Diagnosis first (link to tester). Then 4 fix methods: compressed air / isopropyl alcohol / deadzone software / hardware replacement. Controller-specific sections.,3000,HowTo + FAQPage,"Tested each fix on real hardware. Include photos of cleaning process. Show tester before/after",P2-HUB P1-03 P2-11 P2-12 P5-01 P4-HUB,"fix stick drift, repair controller drift, stick drift solution","Test if your fix worked — use our free tester →",AdSense display (high CPM),99,Highest traffic article on site. Must be exceptional quality.
1,4,P2-02,P2 - Troubleshooting & Repair,Controller Not Connecting PC,Controller Not Connecting to PC — Complete Fix Guide (Windows 10/11),/controller-not-connecting-pc,controller not connecting to pc,"xbox controller not connecting windows, ps5 controller pc not detected, gamepad not working windows 11",Troubleshooting,Problem Aware,Medium,35000,Very High,Bluetooth vs USB troubleshooting split. Windows 10 vs 11 differences. Driver reinstall steps. Xbox Accessories app. DS4Windows for PS.,2500,HowTo + FAQPage,Screenshot each Windows step. Test on actual Windows 11.,P2-HUB P2-10 P3-01 P3-02 P3-HUB P1-06,"fix controller not connecting, controller pc setup","Controller connected? Test all inputs with our free tool →",AdSense display,96,Very high volume. Natural bridge to P3 compatibility pillar.
1,4,P2-03,P2 - Troubleshooting & Repair,Button Not Working,Gamepad Button Not Working — How to Diagnose and Fix,/gamepad-button-not-working,gamepad button not working,"controller button fix, stuck controller button, button not registering gamepad",Troubleshooting,Problem Aware,Medium,15000,High,Use tester to confirm button failure. Then: cleaning with isopropyl / contact spray / spring repair / replacement. When to give up and buy new.,2000,HowTo + FAQPage,Real photos of button cleaning process,P2-HUB P1-02 P1-HUB P2-13 P4-HUB,"fix gamepad button, repair controller button","Test which button is broken — use our free checker →",AdSense display,88,Strong how-to content. Internal link to buying guide.
1,4,P2-04,P2 - Troubleshooting & Repair,Controller Disconnecting,Xbox / PS Controller Keeps Disconnecting — 8 Fixes,/controller-keeps-disconnecting,xbox controller keeps disconnecting,"ps5 controller disconnecting, bluetooth controller drops, controller loses connection",Troubleshooting,Problem Aware,Medium,28000,Very High,Bluetooth interference / low battery / USB power saving / firmware. Platform-specific sections.,2200,HowTo + FAQPage,Test each fix scenario and document outcome,P2-HUB P2-07 P1-06 P3-HUB P6-02,"fix controller disconnecting, stop controller dropping","Test your connection stability with our tester →",AdSense display,91,High volume. Supports P6 technology content (Bluetooth).
1,5,P2-05,P2 - Troubleshooting & Repair,Trigger Not Working,Controller Trigger Not Working or Stuck — Full Fix Guide,/controller-trigger-not-working,controller trigger not working,"ps5 trigger broken, xbox trigger stuck, l2 r2 not working",Troubleshooting,Problem Aware,Medium,12000,High,Diagnose with tester. Cleaning / debris removal / spring fix / AT resistance for PS5. DualSense adaptive trigger failures.,1800,HowTo + FAQPage,Screenshot tester showing trigger not registering,P2-HUB P1-04 P1-HUB P2-HUB P6-01,"fix controller trigger, repair l2 r2, fix adaptive trigger","Test your trigger with our online tool first →",AdSense display,86,Specific but high-intent. P6 bridge for adaptive trigger tech.
1,5,P2-06,P2 - Troubleshooting & Repair,Vibration Not Working,Controller Vibration Not Working — Causes and Fixes,/controller-vibration-not-working,controller vibration not working,"ps5 rumble not working, xbox haptics off, gamepad rumble stopped",Troubleshooting,Problem Aware,Low,8000,Medium,Software setting check first. Game-specific settings. OS vibration toggle. Hardware motor failure signs.,1600,HowTo + FAQPage,Test in browser tester to confirm hardware vs software issue,P2-HUB P1-05 P6-01 P5-HUB,"fix controller vibration, restore haptic feedback","Confirm the issue is hardware — test vibration here →",AdSense display,78,Medium volume but good internal link target from P1-05.
1,5,P2-07,P2 - Troubleshooting & Repair,Firmware Update,How to Update Your Controller Firmware — Xbox / PS5 / Switch,/update-controller-firmware,update xbox controller firmware,"controller firmware update, ps5 controller update, gamepad software update",Informational,Aware,Medium,10000,High,Step-by-step for each platform. Why firmware matters for connectivity and drift.,1800,HowTo + FAQPage,Real screenshots of Xbox Accessories app firmware screen,P2-HUB P2-04 P3-HUB P6-HUB,"update controller firmware, controller software update","After updating — test your controller here →",AdSense display,82,Evergreen how-to. Supports connectivity troubleshooting cluster.
1,6,P3-HUB,P3 - Compatibility & Platform Support,HUB PAGE,Controller Compatibility Guide — Which Controllers Work Where,/controller-compatibility-guide,controller compatibility guide,"what controllers work on pc, controller platform support, gamepad compatibility chart",Informational / Navigational,Unaware,Medium,20000,Very High,Hub page with compatibility matrix table (controller × platform). Link to all P3 articles.,2500,Article + FAQPage,Build actual compatibility table with verified testing on each platform,P3-01 P3-02 P3-03 P3-04 P3-05 P3-06 P3-07 P3-08 P3-09 P3-10 P1-HUB P2-HUB,"All P3 cluster articles link here","controller compatibility guide, which controllers work on pc","Test your connected controller right now →",AdSense display,93,High AI citation potential. Compatibility tables get cited constantly.
1,6,P3-01,P3 - Compatibility & Platform Support,PS5 Controller on PC,How to Use PS5 DualSense Controller on PC — Complete 2025 Guide,/ps5-controller-on-pc,ps5 controller on pc,"dualsense pc setup, connect ps5 controller windows, ps5 controller driver pc",How-to,Unaware,Medium,45000,Very High,USB vs Bluetooth. DS4Windows vs Steam. Adaptive triggers on PC (which games support). Haptics on PC.,2500,HowTo + FAQPage,Real screenshots of DS4Windows and Steam controller config,P3-HUB P3-05 P2-02 P2-HUB P1-HUB P6-01,"connect ps5 controller pc, ps5 controller windows setup","Connected? Verify all buttons work with our tester →",AdSense display,98,One of the highest-searched controller questions globally.
1,6,P3-02,P3 - Compatibility & Platform Support,Xbox Controller on Android,How to Connect Xbox Controller to Android — Bluetooth Setup,/xbox-controller-android,xbox controller android,"connect xbox controller phone, gamepad android bluetooth, xbox series x controller android",How-to,Unaware,Medium,25000,Very High,Series X|S vs older Xbox controllers. Bluetooth pairing. Which games support it. Cloud gaming (Game Pass / xCloud) setup.,2000,HowTo + FAQPage,Real screenshots on Android phone,P3-HUB P3-06 P7-HUB P7-02 P8-HUB,"connect xbox controller android, pair xbox gamepad phone","Test your Xbox controller inputs with our tool →",AdSense display,94,Bridge to P7 mobile pillar. Very high AI query frequency.
2,8,P3-03,P3 - Compatibility & Platform Support,PS4 Controller on PC,How to Use PS4 DualShock 4 Controller on PC (No Extra Software),/ps4-controller-on-pc,ps4 controller on pc,"dualshock 4 pc, ps4 controller windows, connect ps4 pc without ds4windows",How-to,Unaware,Medium,30000,High,Native Windows support vs DS4Windows. Steam Big Picture mode. Xinput emulation.,2000,HowTo + FAQPage,Real screenshots of DS4 in Windows device manager,P3-HUB P3-01 P3-05 P2-02 P1-HUB,"use ps4 controller on pc, connect dualshock 4 windows","Verify your PS4 controller is working →",AdSense display,90,Still very high volume — PS4 installed base massive.
2,8,P3-04,P3 - Compatibility & Platform Support,Nintendo Controller on PC,How to Use Nintendo Switch Pro Controller on PC,/nintendo-pro-controller-pc,nintendo pro controller pc,"switch pro controller windows, nintendo controller pc setup, pro controller steam",How-to,Unaware,Medium,15000,High,USB and Bluetooth methods. Steam detection. Joy-Con alternative. Ryochan7 DS4Windows alternative.,1800,HowTo + FAQPage,Real screenshots of Steam detecting Switch Pro Controller,P3-HUB P3-05 P2-10 P1-HUB,"connect switch pro controller pc, nintendo controller windows","Test your Switch controller on PC here →",AdSense display,86,Solid volume. Great for Nintendo audience segment.
2,8,P3-05,P3 - Compatibility & Platform Support,Controller on Steam,How to Use Any Controller on Steam — Complete Configuration Guide,/controller-on-steam,how to use any controller on steam,"steam controller config, steam gamepad setup, steam controller support",How-to,Unaware,Medium,35000,Very High,Steam Input. Per-game configurations. Generic gamepad support. Controller-specific settings for PS/Xbox/Switch.,2500,HowTo + FAQPage,Screenshots of Steam Input settings for each controller type,P3-HUB P3-01 P3-02 P3-03 P3-04 P5-HUB P5-04 P1-HUB,"use controller on steam, steam gamepad setup","Test controller detection before launching Steam game →",AdSense display,97,One of the most important how-to articles. Very high volume.
2,9,P3-06,P3 - Compatibility & Platform Support,Controller on iPhone,Best Controllers for iPhone — Compatibility and Setup Guide,/controller-iphone-setup,controller iphone support,"mfi controller iphone, iphone gamepad, ios controller support 2025",How-to,Unaware,Medium,18000,High,MFi controllers. Xbox / PS5 on iOS. Apple Arcade. Cloud gaming on iOS.,2000,HowTo + FAQPage,Real test on iPhone with controller,P3-HUB P7-HUB P7-01 P8-HUB,"iphone controller setup, use gamepad on ios","Test your iPhone controller compatibility →",AdSense display,89,Bridge to P7 mobile pillar.
2,9,P3-07,P3 - Compatibility & Platform Support,XInput vs DirectInput,XInput vs DirectInput — What's the Difference and Which Do You Need?,/xinput-vs-directinput,xinput vs directinput,"directinput xinput difference, xinput directinput games, old game controller support",Informational,Unaware,Medium,8000,Very High,Clear explanation with a table. Which games use which. How to check. DirectInput games with old controllers. x360ce solution.,1800,Article + FAQPage,Verify with actual older games to confirm DirectInput behavior,P3-HUB P3-05 P6-HUB P6-04 P2-10,"xinput vs directinput, controller protocol difference","Test if your controller is recognized correctly →",AdSense display,88,High AI citation potential. Clear definitional answer needed.
2,9,P3-08,P3 - Compatibility & Platform Support,Controller on Mac,How to Use Xbox / PS5 Controller on Mac — Full Setup Guide,/controller-on-mac,xbox controller mac,"ps5 controller mac, gamepad macos setup, controller mac bluetooth",How-to,Unaware,Medium,12000,High,Native support in macOS. Bluetooth pairing. Steam on Mac. Controlly app. macOS Ventura+ support.,1800,HowTo + FAQPage,Real Mac setup screenshots,P3-HUB P3-05 P2-02 P1-HUB,"controller on mac, connect gamepad macos","Test your Mac controller setup →",AdSense display,83,Good volume. Mac gaming audience growing.
2,10,P3-09,P3 - Compatibility & Platform Support,Controller on Chrome Browser,Using a Gamepad in Chrome — How Browser Controller Support Works,/gamepad-chrome-browser,gamepad chrome browser support,"controller chrome, browser controller support, test gamepad chrome",Informational,Unaware,Low,9000,High,Chrome Gamepad API. Permissions. Which Chrome versions support it. Compare to Firefox / Edge.,1600,Article + FAQPage,Test across Chrome versions and document results,P3-HUB P1-HUB P1-01 P6-HUB P10-01,"controller support chrome, gamepad api chrome","Test your controller in Chrome right now →",AdSense display,85,Direct link to homepage use case. Very relevant.
2,10,P3-10,P3 - Compatibility & Platform Support,Multiple Controllers Same PC,How to Use Two (or More) Controllers on One PC,/multiple-controllers-pc,two controllers one pc,"multiple gamepads pc, 2 controllers windows, split screen pc gaming controller",How-to,Aware,Low,7000,Medium,Windows detection of multiple controllers. Player assignment. Split-screen games. USB hub requirements.,1500,HowTo + FAQPage,Real test with 2 controllers plugged in simultaneously,P3-HUB P1-HUB P3-05 P2-10,"two controllers pc, multiple gamepads windows","Test both controllers with our multi-controller tester →",AdSense display,78,Niche but low competition. Good for multiplayer segment.
2,10,P4-HUB,P4 - Buying Guides & Reviews,HUB PAGE,Best Gaming Controllers in 2025 — Buyer's Guide for Every Budget,/best-gaming-controllers,best gaming controllers 2025,"top gamepads 2025, best controller to buy, gaming controller buying guide",Commercial Investigation,Solution Aware,High,60000,Very High,Hub page: best overall / best budget / best for PC / best wireless. Link to all P4 articles. Comparison table.,3000,Article + ItemList + FAQPage,Test all recommended controllers personally. Include actual test data from tester tool.,P4-01 P4-02 P4-03 P4-04 P4-05 P4-06 P4-07 P4-08 P1-HUB P6-HUB,"All P4 cluster articles link here","best gaming controller, top gamepad 2025","Verify any controller before buying — test it free →",AdSense display (high CPM),97,Highest AdSense CPM. Build after authority is established.
2,11,P4-01,P4 - Buying Guides & Reviews,Best Controllers PC,Best Controllers for PC Gaming in 2025 — Top 8 Picks,/best-controllers-pc-gaming,best controllers for pc gaming,"top pc gamepads 2025, best gamepad pc, pc controller recommendation",Commercial Investigation,Solution Aware,High,40000,Very High,Xbox Series X controller (winner) / DualSense / 8BitDo Pro 2 / PowerA / Razer. Comparison table with pros/cons.,3500,Article + ItemList + FAQPage,"Personally test each on PC, document all inputs via tester",P4-HUB P4-02 P4-04 P6-03 P1-HUB P5-HUB,"best pc controller 2025, top gamepad for windows","Test any controller before committing — free →",AdSense display (very high CPM),98,King of commercial content. High advertiser bids for controller searches.
2,11,P4-02,P4 - Buying Guides & Reviews,Best Budget Controllers,Best Budget Gaming Controllers Under $30 in 2025,/best-budget-gaming-controllers,best budget gaming controllers,"cheap gamepad, affordable controller pc, budget controller under 30",Commercial Investigation,Solution Aware,High,20000,High,PowerA Enhanced / 8BitDo Lite 2 / EasySMX / Beboncool. What you sacrifice at this price.,2500,Article + ItemList + FAQPage,Buy and test each controller. Document real test results.,P4-HUB P4-01 P4-03 P6-03 P1-HUB,"best budget controller, cheap gaming controller","Test your budget controller — is it working properly? →",AdSense display (high CPM),91,High volume. Big audience: cost-conscious gamers.
2,11,P4-03,P4 - Buying Guides & Reviews,Best Wireless Controllers,Best Wireless Gaming Controllers 2025 — No Lag Picks,/best-wireless-gaming-controllers,best wireless gaming controllers 2025,"top wireless gamepad, best bluetooth controller, wireless controller no lag",Commercial Investigation,Solution Aware,High,25000,High,DualSense / Xbox Series wireless / 8BitDo Pro 2 / PowerA Spectra. Latency data from tester.,2500,Article + ItemList,"Include measured wireless latency data — unique data from your tool",P4-HUB P4-01 P6-02 P2-04 P1-HUB,"best wireless controller, top bluetooth gamepad","Test your wireless controller's response time →",AdSense display (high CPM),90,Unique angle: use tester to show actual wireless vs wired latency.
2,12,P4-04,P4 - Buying Guides & Reviews,Best Controllers for FPS,Best Controllers for FPS Games on PC — 2025 Picks,/best-controllers-fps-games,best controller for fps games,"fps gamepad, controller for shooters, best gamepad call of duty",Commercial Investigation,Solution Aware,High,18000,High,Trigger travel / hair trigger / stick sensitivity. Xbox Elite vs standard. Scuf / Nacon options.,2500,Article + ItemList + FAQPage,Test trigger precision and hair trigger on each controller via tester,P4-HUB P4-01 P8-01 P5-02 P5-03,"best fps controller, controller for shooters pc","Test your FPS controller's trigger response →",AdSense display (high CPM),89,High-intent buyers. FPS is the largest PC gaming genre.
2,12,P4-05,P4 - Buying Guides & Reviews,Best Controllers for Fighting Games,Best Controllers for Fighting Games — Pad vs Arcade Stick,/best-controllers-fighting-games,best controller for fighting games,"fightstick vs controller, best gamepad fighting games, arcade pad recommendation",Commercial Investigation,Solution Aware,High,12000,High,Hori Fighting Commander / Brook Universal / 8BitDo Pro 2 / PS5 DualSense. D-pad quality analysis.,2500,Article + ItemList,D-pad precision test via tester,P4-HUB P4-01 P8-02 P5-HUB,"best fighting game controller, d-pad gamepad","Test your fighting game controller's d-pad →",AdSense display (high CPM),85,Niche but passionate buyers. High commercial intent.
2,12,P4-06,P4 - Buying Guides & Reviews,Hall Effect Controllers,Best Hall Effect Controllers 2025 — No More Stick Drift,/best-hall-effect-controllers,best hall effect controllers,"hall effect gamepad, magnetic sensor controller, drift-free controller",Commercial Investigation,Solution Aware,Medium,15000,Very High,Why hall effect prevents drift. 8BitDo Ultimate / Gulikit KK3 Pro / GameSir T4 Cyclone. Longevity comparison.,2500,Article + ItemList + FAQPage,"Explain hall effect sensors technically, test stick precision via tester",P4-HUB P4-01 P6-03 P2-01 P1-03,"hall effect controller 2025, drift-free gamepad","Test if your current stick has drift →",AdSense display (high CPM),94,Trending topic. Huge search growth since 2024. Low competition still.
2,13,P4-07,P4 - Buying Guides & Reviews,DualSense vs Xbox Controller,PS5 DualSense vs Xbox Series X Controller — Which Is Better for PC?,/dualsense-vs-xbox-controller-pc,dualsense vs xbox controller,"ps5 vs xbox controller pc, dualsense vs xbox series, best controller pc comparison",Comparison,Solution Aware,High,22000,Very High,Side-by-side: build quality / sticks / triggers / haptics / PC support / price. Both tested via gamepad tester. Verdict by use case.,3000,Article + FAQPage,Real side-by-side test data from your tool for both controllers,P4-HUB P4-01 P3-01 P3-05 P6-01 P6-02,"dualsense vs xbox controller, ps5 vs xbox gamepad pc","Test both controllers side by side with our tool →",AdSense display (very high CPM),96,High AI citation potential. Classic comparison query.
2,13,P5-HUB,P5 - Controller Settings & Configuration,HUB PAGE,Controller Settings Guide — Deadzone / Sensitivity / Button Mapping,/controller-settings-guide,controller settings guide,"gamepad configuration, controller sensitivity guide, button mapping guide",Informational,Solution Aware,Medium,15000,High,Hub covering all configuration topics. Steam Input / Windows / per-game settings.,2000,Article + FAQPage,Verified settings across multiple games and platforms,P5-01 P5-02 P5-03 P5-04 P5-05 P1-HUB P3-05,"All P5 articles link here","controller settings guide, gamepad configuration help","Find the right settings — test your controller first →",AdSense display,88,Bridges P3 (compatibility) and P8 (genre use cases).
2,13,P5-01,P5 - Controller Settings & Configuration,Deadzone Settings,How to Reduce Controller Deadzone — Best Settings for Every Game,/controller-deadzone-settings,controller deadzone settings,"reduce gamepad deadzone, best deadzone settings, adjust controller deadzone",How-to,Solution Aware,Medium,12000,High,What deadzone is. How to test it (link to tester). Software deadzone vs hardware. Steam Input deadzone sliders. Per-game recommendations.,2000,HowTo + FAQPage,Use tester to visualize deadzone before/after adjustment,P5-HUB P1-HUB P1-03 P3-05 P8-01,"set controller deadzone, adjust gamepad deadzone","Measure your current deadzone with our free tester →",AdSense display,91,Strong use of tester as practical tool in the article.
2,14,P5-02,P5 - Controller Settings & Configuration,Sensitivity Settings,Best Controller Sensitivity Settings — PC / PS5 / Xbox,/controller-sensitivity-settings,controller sensitivity settings,"gamepad aim sensitivity, best controller sensitivity fps, analog stick sensitivity",How-to,Solution Aware,Medium,10000,High,Inner/outer deadzone. Response curves. Per-game: CoD / Apex / Fortnite. How to test your settings.,1800,HowTo + FAQPage,Test sensitivity curves in tester to show mathematical response,P5-HUB P5-01 P4-04 P8-01 P3-05,"controller sensitivity guide, best aim settings gamepad","Test how your stick responds to sensitivity changes →",AdSense display,85,Strong connection to P4-04 (FPS controllers).
2,14,P5-03,P5 - Controller Settings & Configuration,Button Remapping Guide,How to Remap Controller Buttons on PC / PS5 / Xbox,/controller-button-remapping,controller button remapping,"remap gamepad buttons, change controller layout, button mapping pc",How-to,Solution Aware,Medium,10000,High,Windows game controllers / Steam Input / Xbox Accessories / PS5 built-in remap. Per-game configs.,1800,HowTo + FAQPage,Screenshots of each remapping interface,P5-HUB P3-05 P4-04 P8-01 P9-01,"remap controller buttons, change gamepad layout","Test your remapped buttons work correctly →",AdSense display,83,Good evergreen how-to.
2,14,P5-04,P5 - Controller Settings & Configuration,Steam Controller Settings,Complete Steam Controller Layout and Settings Guide,/steam-controller-settings-guide,steam controller settings guide,"steam input guide, steam controller layout, steam gamepad configuration",How-to,Aware,Medium,18000,High,All Steam Input options: Joystick / Mouse-like / Camera. Legacy mode. Community layouts. Per-game profiles.,2500,HowTo + FAQPage,Screenshots of every Steam Input option,P5-HUB P3-05 P3-01 P3-02 P3-03 P3-04 P8-HUB,"steam controller guide, steam input settings","Test your Steam controller detection →",AdSense display,90,Very high value. Steam has massive PC gaming audience.
2,15,P5-05,P5 - Controller Settings & Configuration,Input Lag Reduction,How to Reduce Controller Input Lag on PC — Tested Methods,/reduce-controller-input-lag,reduce controller input lag,"controller delay fix, minimize gamepad lag, low latency controller pc",How-to,Solution Aware,Medium,9000,High,Wired vs wireless. USB polling rate. Game mode TV/monitor. Steam Big Picture. Measure with tester.,2000,HowTo + FAQPage,Measure actual input lag improvement via tester tool,P5-HUB P1-04 P2-09 P4-03 P6-02,"reduce controller input lag, minimize gamepad delay","Measure your controller's current input lag →",AdSense display,87,Unique data opportunity: use tester to show lag measurements.
2,15,P6-HUB,P6 - Controller Technology Deep-Dives,HUB PAGE,How Gaming Controllers Work — Technology Explained,/how-gaming-controllers-work,how gaming controllers work,"controller technology explained, gamepad hardware guide, controller internals",Informational,Unaware,Low,8000,Very High,Hub page covering all technology topics. Positions site as technical authority. Earns backlinks.,2000,Article + FAQPage,Original diagrams of controller internals; cite official patents,P6-01 P6-02 P6-03 P6-04 P6-05 P1-HUB P4-HUB,"All P6 articles link here","controller technology guide, how gamepad works","Test what your controller is doing right now →",AdSense display,85,Primary EEAT and backlink-earning pillar.
2,15,P6-01,P6 - Controller Technology Deep-Dives,Haptic Feedback Explained,How Haptic Feedback Works in Gaming Controllers — DualSense Deep Dive,/haptic-feedback-controllers-explained,haptic feedback gaming controllers,"dualsense haptics technology, controller vibration technology, how rumble works",Informational,Unaware,Low,10000,Very High,LRA vs ERM motors. DualSense HD haptics. Adaptive triggers mechanism. Which PC games support it.,2000,Article + FAQPage,Cite Sony patents on DualSense haptic system,P6-HUB P1-05 P3-01 P4-07 P6-02,"haptic feedback technology, dualsense haptics explained","Test your controller's haptic response here →",AdSense display,90,High AI citation. Technical authority builder.
3,16,P6-02,P6 - Controller Technology Deep-Dives,Bluetooth vs Wired Latency,Wired vs Wireless Controller Latency — Tested and Measured,/wired-vs-wireless-controller-latency,wired vs wireless controller latency,"bluetooth controller lag, wired controller faster, wireless controller input delay",Informational / Comparison,Unaware,Medium,15000,Very High,Actual latency measurements. USB 2.4GHz vs Bluetooth vs wired. Data table. Which to choose.,2500,Article + FAQPage,"Original data: measure with your tool. This makes it citable.",P6-HUB P4-03 P2-04 P5-05 P4-01,"wireless vs wired controller latency, bluetooth controller lag","Measure your controller's latency with our tool →",AdSense display,94,Unique data = backlinks + AI citations. Very high value.
3,16,P6-03,P6 - Controller Technology Deep-Dives,Hall Effect Sensors Explained,Hall Effect vs Potentiometer Analog Sticks — Why It Matters,/hall-effect-vs-potentiometer-sticks,hall effect vs potentiometer controller sticks,"magnetic controller sticks, potentiometer drift cause, hall effect sensor gamepad",Informational,Unaware,Low,12000,Very High,Magnetic vs resistive. Why pots wear out → drift. Hall effect lifespan. Which controllers use which.,2000,Article + FAQPage,Cite electronics engineering sources on Hall effect sensors,P6-HUB P4-06 P2-01 P1-03 P6-HUB,"hall effect sticks explained, potentiometer vs magnetic analog","Check if your sticks already have drift →",AdSense display,93,Trending and citable. Bridges technology to buying guide.
3,16,P6-04,P6 - Controller Technology Deep-Dives,USB HID Protocol,How USB HID Works for Gaming Controllers — Technical Guide,/usb-hid-gaming-controllers,usb hid controller,"usb human interface device gamepad, hid controller protocol, usb hid vs xinput",Informational,Unaware,Medium,5000,Very High,HID descriptor. Why controllers enumerate as HID. XInput overlay. Browser Gamepad API relationship.,2000,Article + FAQPage,Cite USB-IF HID specification. Link to MDN Gamepad API docs.,P6-HUB P3-07 P10-01 P10-HUB P1-06,"usb hid gamepad protocol, how controller usb works","Test your USB HID controller in the browser →",AdSense display,82,Developer audience. Earns high-authority backlinks from tech blogs.
3,17,P6-05,P6 - Controller Technology Deep-Dives,Adaptive Triggers Explained,How Adaptive Triggers Work — PS5 DualSense Technology Explained,/adaptive-triggers-explained,adaptive triggers ps5 explained,"dualsense adaptive trigger technology, l2 r2 resistance pc, haptic trigger mechanism",Informational,Unaware,Low,8000,Very High,Actuator mechanism. API calls. Which PC games support full AT. Future of adaptive triggers.,1800,Article + FAQPage,Cite Sony developer documentation,P6-HUB P6-01 P3-01 P4-07 P2-05,"adaptive triggers technology, dualsense trigger resistance","Test if adaptive triggers are working on your DualSense →",AdSense display,88,Very high AI citation potential. Technical + commercial bridge.
3,17,P7-HUB,P7 - Mobile & Handheld Controllers,HUB PAGE,Best Mobile Gaming Controllers — iPhone / Android / Steam Deck,/mobile-gaming-controllers-guide,mobile gaming controllers guide,"best phone gamepad, android controller, iphone gaming controller",Commercial Investigation,Unaware,Medium,25000,High,Hub for mobile gaming controllers. Fastest-growing segment. Link to all P7 articles.,2000,Article + ItemList + FAQPage,Test each controller on real mobile devices,P7-01 P7-02 P7-03 P7-04 P7-05 P3-06 P3-02 P8-HUB,"All P7 articles link here","mobile controller guide, best phone gamepad","Test your mobile controller here →",AdSense display (high CPM),92,High-growth segment. High CPM from mobile gaming audience.
3,17,P7-01,P7 - Mobile & Handheld Controllers,Best iPhone Controllers,Best Controllers for iPhone in 2025 — MFi & Bluetooth Picks,/best-controllers-iphone-2025,best controllers for iphone 2025,"mfi controller iphone, best iphone gamepad 2025, iphone controller bluetooth",Commercial Investigation,Unaware,High,22000,High,Backbone One / Razer Kishi V2 / SteelSeries Nimbus+ / GameSir G8. iOS game support. Apple Arcade.,2500,Article + ItemList + FAQPage,Real test on iPhone with each controller type,P7-HUB P3-06 P8-HUB P4-HUB,"best iphone controller 2025, top mfi gamepad","Check if your iPhone controller works properly →",AdSense display (high CPM),92,High commercial intent. Mobile gaming huge growth market.
3,18,P7-02,P7 - Mobile & Handheld Controllers,Best Android Controllers,Best Controllers for Android in 2025 — Tested Picks,/best-controllers-android-2025,best controllers for android 2025,"android gamepad 2025, best bluetooth controller android, phone controller recommendation",Commercial Investigation,Unaware,High,20000,High,GameSir X2 / Razer Kishi V2 / Xbox BT / PS5 BT. Cloud gaming (Xbox Game Pass / Stadia-era) angle.,2500,Article + ItemList + FAQPage,Real tests on Android device,P7-HUB P3-02 P8-HUB P4-HUB,"best android controller, top gamepad for android phone","Test your Android gamepad compatibility →",AdSense display (high CPM),90,Mirror of iPhone guide. High mobile search volume.
3,18,P7-03,P7 - Mobile & Handheld Controllers,Steam Deck Controller Guide,Best Steam Deck Accessories — Controllers and Peripherals 2025,/steam-deck-controller-accessories,steam deck accessories 2025,"steam deck controller add-on, best steam deck gamepad, steam deck peripheral",Commercial Investigation,Aware,Medium,15000,High,External controllers for Steam Deck docked. Cases with controller holders. Official Steam Deck controller comparison.,2000,Article + ItemList + FAQPage,Real Steam Deck testing,P7-HUB P3-05 P4-01 P8-HUB,"steam deck accessories, steam deck controller","Test your Steam Deck external controller →",AdSense display (high CPM),86,Steam Deck has passionate community. High engagement.
3,18,P7-04,P7 - Mobile & Handheld Controllers,Best Cloud Gaming Controllers,Best Controllers for Cloud Gaming 2025 — Xbox / PS / GeForce Now,/best-controllers-cloud-gaming,best controller for cloud gaming,"xbox game pass controller, cloud gaming gamepad, best controller geforce now",Commercial Investigation,Aware,18000,Very High,Xbox BT / DualSense / GameSir T4 Cyclone. Latency matters most. Comparison with cloud gaming data.,2000,Article + ItemList + FAQPage,Measure input lag during cloud gaming session,P7-HUB P4-03 P6-02 P3-02 P3-06,"cloud gaming controller, best gamepad game pass","Test your cloud gaming controller lag →",AdSense display (high CPM),91,Fast-growing search category. High commercial intent.
3,19,P7-05,P7 - Mobile & Handheld Controllers,MFi Controllers Explained,What Are MFi Controllers? iPhone and iPad Gamepad Guide,/mfi-controllers-explained,mfi controllers iphone,"made for iphone controller, mfi certified gamepad, ios controller standard",Informational,Unaware,Low,7000,High,MFi program explained. Full button mapping in iOS. Which games require MFi vs standard BT.,1600,Article + FAQPage,Cite Apple developer MFi documentation,P7-HUB P7-01 P3-06 P10-HUB,"mfi controller guide, made for iphone gamepad","Test if your MFi controller is recognized →",AdSense display,79,Good informational bridge to buying guides.
3,19,P8-HUB,P8 - Controller Use Cases by Game Genre,HUB PAGE,Best Controller for Every Game Genre — Complete Genre Guide,/controller-for-every-game-genre,best controller for game genre,"controller by game type, best gamepad genre guide, controller recommendation by game",Informational / Commercial,Unaware,Medium,12000,High,Hub linking to per-genre articles. Angle: 'Different games need different controller features.',2000,Article + FAQPage,Tested across genres personally,P8-01 P8-02 P8-03 P8-04 P8-05 P4-HUB P5-HUB,"All P8 articles link here","controller genre guide, best gamepad by game type","Test your controller for your favorite genre →",AdSense display,84,Good internal hub. Supports P4 commercial content.
3,19,P8-01,P8 - Controller Use Cases by Genre,FPS Controllers,Best Controller for FPS Games — Settings and Hardware Guide,/best-controller-fps-games-guide,best controller fps games pc,"fps gamepad guide, controller for shooters settings, first person shooter controller",Commercial + Informational,Solution Aware,High,20000,High,Hardware: hair trigger / short stick travel. Settings: sensitivity / deadzone / response curve. Top picks.,2500,Article + ItemList + HowTo,Test trigger response time via tester,P8-HUB P4-04 P5-02 P5-03 P4-01,"best fps controller, controller for call of duty","Test your FPS controller's trigger precision →",AdSense display (high CPM),90,High commercial + informational combo. Strong AdSense.
3,20,P8-02,P8 - Controller Use Cases by Genre,Fighting Game Controllers,Controller vs Arcade Stick for Fighting Games — Which Should You Use?,/controller-vs-arcade-stick-fighting-games,controller vs arcade stick fighting games,"pad vs fightstick, best controller street fighter, fighting game input device",Comparison,Solution Aware,Medium,12000,High,D-pad quality matters. Pad players in pro scene. SOCD on hitbox. Top pads vs sticks.,2500,Article + FAQPage,D-pad precision test via tester,P8-HUB P4-05 P5-03 P1-02,"controller vs arcade stick, best pad fighting games","Test your d-pad precision with our tool →",AdSense display (high CPM),83,Passionate niche. Good commercial angle.
3,20,P8-03,P8 - Controller Use Cases by Genre,Racing Sim Controllers,Best Controller for Racing Games — Wheel vs Gamepad Guide,/best-controller-racing-games,best controller for racing games,"racing sim gamepad, controller vs wheel racing, best gamepad forza",Comparison,Solution Aware,Medium,10000,High,Analog trigger precision for throttle. Hall effect triggers. Wheel vs controller for sim vs arcade racing.,2000,Article + FAQPage,Trigger precision measurement via tester,P8-HUB P4-01 P5-03 P6-01,"racing game controller, best gamepad racing sim","Test your racing controller's analog precision →",AdSense display (high CPM),81,Niche but high-intent. Racing sim community is engaged.
3,20,P8-04,P8 - Controller Use Cases by Genre,Platformer Controllers,Best Controller for Platformer Games — D-Pad or Analog?,/best-controller-platformer-games,best controller platformer games,"controller for platformers, d-pad vs analog stick platformer, 2d game controller",Informational / Commercial,Solution Aware,Low,8000,Medium,D-pad for precision 2D. Analog for 3D. SNES-style vs modern. 8BitDo SN30 Pro recommendation.,1800,Article + FAQPage + ItemList,D-pad test via tester,P8-HUB P4-05 P4-02 P1-02,"platformer controller, best d-pad gamepad","Test your d-pad accuracy here →",AdSense display,77,Lower volume but easy content. Good for 8BitDo audience.
3,21,P8-05,P8 - Controller Use Cases by Genre,RPG and JRPG Controllers,Best Controller for RPG / JRPG Games — Comfort and Features,/best-controller-rpg-games,best controller rpg games,"controller for jrpg, rpg gamepad guide, best gamepad final fantasy dragon quest",Informational / Commercial,Solution Aware,Low,7000,Medium,Comfort for long sessions. Face button quality. DualSense haptics in supported JRPGs.,1600,Article + ItemList,Personal long-session test,P8-HUB P4-01 P4-07 P4-02,"best rpg controller, jrpg gamepad recommendation","Test your RPG controller before your next session →",AdSense display,73,Niche but loyal audience. JRPG community is passionate.
3,21,P9-HUB,P9 - Accessibility & Adaptive Controllers,HUB PAGE,Accessible Gaming Controllers — Complete Guide for Every Need,/accessible-gaming-controllers-guide,accessible gaming controllers,"adaptive controller guide, disability gaming, one-handed gaming controller",Informational,Unaware,Low,5000,Very High,Hub for accessibility gaming. Xbox Adaptive Controller. One-handed gaming. Switch accessibility.,2000,Article + FAQPage,Research official Microsoft accessibility documentation,P9-01 P9-02 P9-03 P1-HUB P4-HUB,"All P9 articles link here","accessible gaming guide, adaptive controller options","Test any adaptive controller setup here →",AdSense display,83,Low competition. Strong EEAT signal. Potential for press coverage.
3,21,P9-01,P9 - Accessibility & Adaptive Controllers,Xbox Adaptive Controller,Xbox Adaptive Controller — Complete Setup and Use Guide,/xbox-adaptive-controller-guide,xbox adaptive controller,"xac guide, adaptive controller setup, accessible gaming xbox",Informational,Unaware,Low,8000,Very High,What it is. Compatible accessories. Software setup. Gaming with limited mobility. Real-world use cases.,3000,Article + HowTo + FAQPage,Cite Microsoft accessibility documentation and disability gaming communities,P9-HUB P9-02 P3-HUB P1-HUB,"xbox adaptive controller guide, xac setup","Test your adaptive controller setup →",AdSense display,88,Low competition + strong EEAT. Potential for links from disability/accessibility sites.
3,22,P9-02,P9 - Accessibility & Adaptive Controllers,One-Handed Gaming,One-Handed Gaming — Best Controllers and Setups,/one-handed-gaming-controllers,one-handed gaming controller,"single hand gaming, disability gaming controller, one handed gamepad setup",Informational,Unaware,Low,6000,High,Adapted controllers. Keyboard+controller hybrid. Switch accessibility mode. Community resources.,2500,Article + FAQPage,Cite disability gaming community (AbleGamers),P9-HUB P9-01 P3-HUB P4-HUB,"one-handed gaming setup, single hand controller","Test one-handed controller inputs here →",AdSense display,82,Strong EEAT + low competition.
3,22,P9-03,P9 - Accessibility & Adaptive Controllers,Switch Accessibility Features,Nintendo Switch Accessibility Features — Controller Options Guide,/nintendo-switch-accessibility-features,nintendo switch accessibility features,"switch accessibility mode, nintendo disability gaming, switch controller options",Informational,Unaware,Low,5000,High,Switch accessibility settings. Compatible adaptive controllers. Joy-Con grip options.,1800,Article + FAQPage,Cite Nintendo official accessibility documentation,P9-HUB P9-01 P3-04 P1-HUB,"switch accessibility, nintendo adaptive gaming","Test your Switch controller configuration →",AdSense display,74,Low competition. EEAT opportunity.
3,22,P10-HUB,P10 - Developer & Technical Integration,HUB PAGE,Web Gamepad API — Developer Guide and Reference,/web-gamepad-api-guide,web gamepad api guide,"javascript gamepad, browser gamepad api, gamepad api developer",Informational,Unaware,Low,6000,Very High,Hub for developer content. Gamepad API reference. Controller in games. Technical integration.,2000,Article + FAQPage,Cite W3C Gamepad API specification,P10-01 P10-02 P10-03 P1-HUB P6-04,"All P10 articles link here","gamepad api guide, web controller developer","See the Gamepad API in action — test your controller →",AdSense display,85,Link magnet from developer community. High-authority backlinks.
3,22,P10-01,P10 - Developer & Technical Integration,Web Gamepad API Tutorial,The Complete Web Gamepad API Tutorial — JavaScript Controller Support,/web-gamepad-api-tutorial,web gamepad api tutorial,"javascript gamepad api, browser controller api, navigator.getgamepads",Informational,Unaware,Low,8000,Very High,navigator.getGamepads(). Button polling. Axis values. Deadzone math. Cross-browser support table.,3000,Article + FAQPage,Link to W3C spec. Include working CodePen demo.,P10-HUB P6-04 P3-09 P1-HUB P3-07,"web gamepad api tutorial, javascript controller code","Test the Gamepad API live with our tool →",AdSense display,90,Will earn links from GitHub / Stack Overflow / MDN community.
3,23,P10-02,P10 - Developer & Technical Integration,Add Controller Support to Browser Game,How to Add Gamepad Support to a Browser Game — Step by Step,/add-gamepad-support-browser-game,add gamepad support browser game,"controller support html5 game, gamepad api game dev, javascript controller game",How-to,Unaware,Low,5000,Very High,Full code tutorial. Input loop. Button mapping. Deadzone implementation. Test with gamepadtester.live.,2500,HowTo + Article,Link to working demo hosted on site,P10-HUB P10-01 P6-04 P1-HUB,"add controller support game, gamepad api game dev","Test your implementation with our live tool →",AdSense display,86,Developer audience + link magnet. High citation potential.
3,23,P10-03,P10 - Developer & Technical Integration,Gamepad API Browser Compatibility,Web Gamepad API Browser Compatibility — 2025 Support Table,/gamepad-api-browser-compatibility-2025,gamepad api browser compatibility,"gamepad api chrome firefox edge, browser controller support 2025, web api gamepad support",Informational,Unaware,Low,5000,Very High,Chrome / Firefox / Edge / Safari support levels. Known bugs per browser. Polyfill options.,1600,Article + FAQPage,"Personally test each browser. Unique data = citations.",P10-HUB P10-01 P3-09 P1-HUB P6-04,"gamepad api browser support, controller api compatibility","Test your browser's gamepad support now →",AdSense display,84,Very high AI citation target. Browsers frequently queried by devs.
3,23,P2-08,P2 - Troubleshooting & Repair,DualSense on PC Issues,PS5 DualSense Not Working on PC — Complete Fix Guide,/dualsense-not-working-pc,dualsense not working on pc,"ps5 controller pc problems, dualsense pc issues, dualsense driver windows",Troubleshooting,Problem Aware,Medium,18000,High,Driver issues. DS4Windows conflict. Steam vs non-Steam. Haptics/AT not working on PC.,2000,HowTo + FAQPage,Test on actual Windows 11 PC,P2-HUB P3-01 P3-05 P1-HUB P2-02,"fix dualsense pc, ps5 controller windows issues","Test if your DualSense is fully working →",AdSense display,89,Supports the PS5-on-PC pillar. Very high search volume.
3,23,P2-09,P2 - Troubleshooting & Repair,Input Lag Fix,How to Fix Controller Input Lag on PC — Measured Solutions,/fix-controller-input-lag-pc,fix controller input lag,"reduce gamepad lag, controller delay windows, fix input latency pc",Troubleshooting,Problem Aware,Medium,12000,High,USB polling rate. Bluetooth vs USB. Windows power plan. Game settings. Measure before/after.,2000,HowTo + FAQPage,Measure actual lag reduction with tester tool data,P2-HUB P5-05 P6-02 P4-03 P1-HUB,"fix controller input lag, reduce gamepad delay","Test your controller's current input lag →",AdSense display,88,Strong data angle using tester.
4,24,P2-10,P2 - Troubleshooting & Repair,Controller Driver Fix Windows,How to Fix Gamepad Driver Issues on Windows 10 and 11,/fix-gamepad-driver-windows,gamepad driver issues windows,"controller driver not installing, gamepad not recognized windows, fix controller driver",Troubleshooting,Problem Aware,Medium,20000,Very High,Device Manager steps. Driver reinstall. Generic HID vs manufacturer driver. xinput fix.,2000,HowTo + FAQPage,Screenshots of Windows 11 device manager steps,P2-HUB P2-02 P3-07 P1-06 P1-HUB,"fix gamepad driver windows, controller driver reinstall","After fixing driver — test your controller here →",AdSense display,93,Very high volume. Windows driver issues = massive search demand.
4,24,P2-11,P2 - Troubleshooting & Repair,Joy-Con Drift Fix,How to Fix Joy-Con Drift — Nintendo's Known Issue Explained,/fix-joy-con-drift,fix joy-con drift,"joy-con stick drift, nintendo joy-con drifting, switch controller drift fix",Troubleshooting,Problem Aware,High,45000,Very High,Nintendo's known issue. Compressed air fix. Stick recalibration. Replacement options. Nintendo repair program.,2500,HowTo + FAQPage,Test Joy-Con axes in browser tester before/after fix,P2-HUB P2-01 P1-03 P3-04 P4-06,"fix joy-con drift, nintendo controller drift","Test if your Joy-Con still has drift after fixing →",AdSense display,97,Massive search volume. One of the highest-searched controller issues.
4,24,P2-12,P2 - Troubleshooting & Repair,PS5 DualSense Drift Fix,How to Fix PS5 DualSense Stick Drift — 5 Methods,/fix-ps5-dualsense-drift,fix ps5 dualsense drift,"dualsense stick drift fix, ps5 controller drifting, fix ps5 analog stick",Troubleshooting,Problem Aware,High,40000,Very High,Diagnose with tester. Compressed air. Isopropyl. Deadzone workaround. Sony repair. Hall effect replacement.,2500,HowTo + FAQPage,Show tester readout before and after each fix method,P2-HUB P2-01 P1-03 P3-01 P4-06,"fix dualsense drift, repair ps5 controller stick","Test if your DualSense drift is fixed →",AdSense display,97,Massive volume. PS5 installed base = huge audience.
4,25,P2-13,P2 - Troubleshooting & Repair,When to Replace Controller,When Should You Replace Your Controller? — Signs It's Time,/when-to-replace-controller,when to replace gaming controller,"controller replacement guide, is my controller broken beyond repair, fix or replace controller",Informational,Problem Aware,Low,8000,High,Signs list: drift / button failure / trigger / cosmetic. Cost to repair vs replace. Links to buying guide.,1600,Article + FAQPage,Based on personal repair experience with multiple controllers,P2-HUB P4-HUB P2-01 P2-03 P1-HUB,"when to replace controller, fix or buy new gamepad","Test your current controller before deciding →",AdSense display (high CPM — buying intent),91,Bridge from P2 troubleshooting to P4 buying guides. Money page.
4,25,P4-08,P4 - Buying Guides & Reviews,8BitDo Controllers Review,8BitDo Controllers — Complete Lineup Review and Comparison 2025,/8bitdo-controllers-review,8bitdo controllers review 2025,"8bitdo review, best 8bitdo controller, 8bitdo ultimate vs pro 2",Commercial Investigation,Solution Aware,Medium,12000,High,Ultimate / Pro 2 / SN30 Pro / Lite 2 / Zero 2. Hall effect models. Retro gaming angle. PC/Switch/Android.,2500,Article + ItemList + FAQPage,Test each model via tester. Document button mappings.,P4-HUB P4-01 P4-06 P3-05 P1-HUB,"8bitdo controller review, best 8bitdo gamepad","Test your 8BitDo controller's inputs →",AdSense display (high CPM),87,Brand-specific review. Loyal 8BitDo community = traffic.
4,25,P3-11,P3 - Compatibility & Platform Support,Controller on Linux,How to Set Up a Gamepad on Linux — Xbox / PS / Generic,/gamepad-linux-setup,gamepad linux setup,"controller linux, xbox controller ubuntu, ps5 controller linux, xpad driver",How-to,Unaware,Medium,10000,High,xpad driver. Xbox on Ubuntu. DS5 on Linux. jstest. Steam on Linux. Proton controller support.,2000,HowTo + FAQPage,Tested on Ubuntu 22.04 LTS,P3-HUB P3-05 P2-10 P10-HUB P1-HUB,"linux gamepad setup, controller linux driver","Test your Linux gamepad configuration →",AdSense display,82,Underserved audience. Linux gaming growing with Steam Deck.
4,26,P3-12,P3 - Compatibility & Platform Support,Controller Emulator Support,How to Use a Controller with PC Emulators — RetroArch / Dolphin,/controller-emulator-support,controller emulator support,"gamepad retro arch, controller dolphin emulator, emulator controller setup",How-to,Aware,Medium,14000,High,RetroArch controller setup. Dolphin NGC controller. mGBA. RPCS3. Controller mapping in each.,2000,HowTo + FAQPage,Test on each emulator with real controller,P3-HUB P3-05 P3-07 P1-HUB P5-03,"controller emulator guide, gamepad retro gaming","Test your emulator controller is working →",AdSense display,84,Retro gaming huge and growing. Underserved by competitors.
4,26,P6-06,P6 - Controller Technology Deep-Dives,Gyro Aiming Explained,Gyro Aiming in Controllers — How It Works and Best Settings,/gyro-aiming-controllers,gyro aiming controllers,"gyroscope controller, gyro aiming ps5, flick stick settings",Informational,Unaware,Low,9000,Very High,How gyro works. Which controllers have it. PS5 / Switch / Steam Deck. Flick Stick technique. PC software.,2000,Article + FAQPage,Test gyro in tester tool (if supported),P6-HUB P3-01 P3-04 P5-HUB P4-07,"gyro aiming guide, controller gyroscope","Test if your controller's gyro is working →",AdSense display,88,Trending topic. Strong AI citation potential. Low competition.
4,26,P1-07,P1 - Gamepad Testing & Diagnostics,D-Pad Test,How to Test Your Controller D-Pad Online — All 8 Directions,/test-controller-dpad-online,test controller d-pad online,"dpad test, d-pad controller check, test directional pad",How-to,Aware,Low,6000,Medium,Explain 8-direction input. Show how tester visualizes each direction. Fighting game SOCD test.,1400,HowTo + FAQPage,Screenshot of all 8 d-pad directions in tester,P1-HUB P1-02 P8-02 P4-05 P2-03,"test d-pad, controller directional pad test","Test your d-pad right now →",AdSense display,79,Supports fighting game and platformer pillar content.
4,27,P1-08,P1 - Gamepad Testing & Diagnostics,Controller Deadzone Test,How to Measure Your Controller's Deadzone — Online Tool Guide,/controller-deadzone-test-online,controller deadzone test,"test controller deadzone, measure gamepad deadzone, deadzone checker",How-to,Aware,Low,8000,High,What deadzone looks like in axis values. Show normal vs excessive deadzone. Link to settings guide.,1600,HowTo + FAQPage,Visualize deadzone circle in tester output,P1-HUB P1-03 P5-01 P5-02 P2-01,"test controller deadzone, measure gamepad deadzone","Check your deadzone → then optimize it with our settings guide",AdSense display,85,Strong use-case for tester tool. Internal link goldmine.
4,27,P1-09,P1 - Gamepad Testing & Diagnostics,Test Controller on Mobile,How to Test a Gamepad on Android or iOS — Browser Tool Guide,/test-gamepad-mobile-browser,test gamepad mobile browser,"controller test android, gamepad test ios, mobile controller tester",How-to,Unaware,Low,7000,High,Which mobile browsers support the Gamepad API. How to access tool on phone. Android Chrome vs iOS Safari.,1500,HowTo + FAQPage,Test on both Android and iOS with screenshots,P1-HUB P7-HUB P3-06 P3-02 P10-01,"test controller on mobile, mobile gamepad tester","Open our tester on mobile →",AdSense display,82,Bridge between P1 and P7. Good for mobile traffic.
4,27,P2-14,P2 - Troubleshooting & Repair,Controller Charging Issues,PS5 Controller Not Charging — 6 Fixes That Work,/ps5-controller-not-charging,ps5 controller not charging,"dualsense not charging, fix ps5 controller battery, controller won't charge",Troubleshooting,Problem Aware,Medium,18000,High,USB-C cable check. USB port power. Rest mode charging. Battery replacement. Reset procedure.,1800,HowTo + FAQPage,Test with multiple cables and ports,P2-HUB P2-HUB P3-01 P1-HUB,"fix ps5 controller charging, dualsense battery fix","Test if controller still responds while charging →",AdSense display,86,High volume. PS5 huge installed base.
4,28,P5-06,P5 - Controller Settings & Configuration,Anti-Recoil Settings,Controller Anti-Recoil Settings for FPS — What Works and What Doesn't,/controller-anti-recoil-settings,controller anti-recoil settings,"anti-recoil controller, reduce recoil gamepad fps, controller recoil compensation",Informational,Solution Aware,Medium,8000,High,In-game settings vs hardware modding. Response curves. What's legitimate vs what violates ToS.,1800,Article + FAQPage,Test different response curve effects in tester,P5-HUB P5-02 P8-01 P4-04,"anti-recoil controller settings, reduce recoil fps gamepad","Test your trigger response profile →",AdSense display,79,Passionate FPS audience. Controversial but high-traffic topic.
4,28,P5-07,P5 - Controller Settings & Configuration,Steam Big Picture Mode Guide,Steam Big Picture Mode Controller Settings — Complete Guide,/steam-big-picture-controller-settings,steam big picture mode controller,"steam tv mode controller, steam living room settings, steam controller big picture",How-to,Aware,Medium,9000,High,Setting up Steam on TV with controller. Big Picture vs Steam Deck UI. Input configuration.,1800,HowTo + FAQPage,Screenshots on actual TV setup,P5-HUB P5-04 P3-05 P7-HUB,"steam big picture settings, steam tv mode","Test your Steam Big Picture controller →",AdSense display,78,Living room gaming growing. Good Steam audience article.
4,28,P4-09,P4 - Buying Guides & Reviews,Best Controllers for Switch,Best Third-Party Nintendo Switch Controllers 2025,/best-switch-controllers-third-party,best third party switch controllers 2025,"best switch controller, third party nintendo controller, switch pro controller alternative",Commercial Investigation,Solution Aware,High,16000,High,8BitDo Pro 2 / PowerA Wireless / Hori Split Pad Pro / GuliKit KK3. Price vs quality analysis.,2500,Article + ItemList + FAQPage,Test each on Switch and PC,P4-HUB P4-01 P4-06 P3-04 P1-HUB,"best switch controller, nintendo gamepad recommendation","Test your Switch controller with our tool →",AdSense display (high CPM),86,Nintendo audience = engaged and buying.
4,29,P3-13,P3 - Compatibility & Platform Support,Controller on Chromebook,How to Use a Controller on Chromebook — Gamepad Support Guide,/controller-chromebook-setup,controller on chromebook,"chromebook gamepad, gamepad chromeos, xbox controller chromebook",How-to,Unaware,Low,8000,High,USB HID on ChromeOS. Bluetooth pairing. Steam on Chromebook (Linux mode). Android game support.,1600,HowTo + FAQPage,Real Chromebook test,P3-HUB P3-05 P3-09 P1-HUB,"controller chromebook, chromeos gamepad","Test your Chromebook controller setup →",AdSense display,80,Low competition. ChromeOS gaming underserved.
4,29,P6-07,P6 - Controller Technology Deep-Dives,USB Polling Rate Explained,USB Polling Rate for Controllers — Does It Matter for Gaming?,/usb-polling-rate-controllers,usb polling rate gaming controller,"125hz vs 1000hz controller, controller polling rate, reduce controller latency usb",Informational,Unaware,Low,6000,High,What polling rate means. 125Hz vs 1000Hz. Actual measured difference. Which controllers allow changes.,1600,Article + FAQPage,Measure actual differences with tester tool,P6-HUB P5-05 P6-02 P2-09 P4-01,"usb polling rate controller, 1000hz gamepad","Measure your controller's actual response rate →",AdSense display,80,Technical audience. Good data angle.
4,29,P2-15,P2 - Troubleshooting & Repair,Controller Repair vs Replace,Should You Repair or Replace a Broken Gaming Controller?,/repair-or-replace-gaming-controller,repair or replace gaming controller,"is controller worth fixing, controller repair cost, broken gamepad repair vs buy",Informational / Commercial,Problem Aware,Low,7000,Medium,Cost analysis. What's fixable vs what's not. When repair makes sense. DIY vs professional.,1600,Article + FAQPage,Provide real cost estimates from personal experience,P2-HUB P2-01 P2-03 P4-HUB P1-HUB,"repair or replace controller, fix broken gamepad","Test exactly what's broken before deciding →",AdSense display (high CPM — buying intent),88,Money article. Bridge from troubleshooting to buying.
4,30,P1-10,P1 - Gamepad Testing & Diagnostics,Xbox Controller Test Guide,How to Test an Xbox Controller Online — Series X/S and Older,/test-xbox-controller-online,test xbox controller online,"xbox controller test, check xbox gamepad, xbox series x controller test",How-to,Navigational,Low,15000,High,Step-by-step for Xbox Series X|S / One / 360 (via USB adapter). What inputs show up. Known Xbox Xinput behavior.,1800,HowTo + FAQPage,Real Xbox controller screenshots in tester,P1-HUB P1-01 P3-02 P3-05 P2-02,"test xbox controller, xbox gamepad checker","Test your Xbox controller right now →",AdSense display,91,Brand-specific. Xbox = largest controller market share on PC.
4,30,P1-11,P1 - Gamepad Testing & Diagnostics,PS5 Controller Test Guide,How to Test a PS5 DualSense Controller Online — Every Input,/test-ps5-dualsense-online,test ps5 dualsense online,"dualsense test, ps5 controller check, test ps5 controller pc",How-to,Navigational,Low,15000,High,What shows up from DualSense in browser: touchpad / motion / haptics / triggers. USB vs BT differences.,1800,HowTo + FAQPage,Real DualSense screenshots across USB and Bluetooth,P1-HUB P1-01 P3-01 P3-05 P2-08,"test ps5 controller, dualsense checker","Test your DualSense right now →",AdSense display,91,Brand-specific. PS5 massive installed base.
